product_id,title,status,date,end_time,sport,doubles,slots,participants_count,gameplan_state,club_name
07YlWzqhh1G33f,SUNDAY RANKED 📈 to 1100,instance,2026-02-09 14:00:00,15:30:00,padel,True,4,4,ended,V7 Padel Antalya
1mxSHjJETEKEHl,FRIDAY 🏆 PREMIER 🏆,instance,,,padel,True,16,14,signup,V7 Padel Antalya
1xSGQ8njECykYI,LADY'S RANKED,program,2026-03-04 12:00:00,14:00:00,padel,True,12,1,signup,V7 Padel Antalya
1xSGQ8njECykYI_2026-03-04,LADY'S RANKED,instance,2026-03-04 12:00:00,14:00:00,padel,True,8,8,ended,V7 Padel Antalya
1xSGQ8njECykYI_2026-03-11,LADY'S RANKED,instance,2026-03-11 18:30:00,20:30:00,padel,True,12,12,ended,V7 Padel Antalya
1xSGQ8njECykYI_2026-03-18,LADY'S RANKED,instance,2026-03-18 12:00:00,14:00:00,padel,True,16,16,ended,V7 Padel Antalya
22CBfE0RmHoNEG,SATURDAY RANKED 1300+ 📈 ,instance,2026-01-24 12:00:00,14:30:00,padel,True,8,2,signup,V7 Padel Antalya
2YrJdduGLnPZ8O,V7 Rookie Series,program,2025-09-20 10:00:00,11:30:00,padel,True,8,1,signup,V7 Padel Antalya
34ncmluWnD7PCp,THURSDAY RANKED 📈 900 - 1099,program,2026-01-08 10:00:00,11:30:00,padel,True,8,6,signup,V7 Padel Antalya
34ncmluWnD7PCp_2026-01-08,THURSDAY RANKED 📈 900 - 1099,instance,2026-01-08 10:00:00,11:30:00,padel,True,8,8,ended,V7 Padel Antalya
34ncmluWnD7PCp_2026-01-15,THURSDAY RANKED 📈 900 - 1099,instance,2026-01-15 10:00:00,11:30:00,padel,True,8,8,ended,V7 Padel Antalya
34ncmluWnD7PCp_2026-01-29,THURSDAY RANKED 📈 900 - 1099,instance,2026-01-29 10:00:00,11:30:00,padel,True,8,4,signup,V7 Padel Antalya
34ncmluWnD7PCp_2026-02-12,THURSDAY RANKED 📈 900 - 1099,instance,2026-02-12 10:00:00,11:30:00,padel,True,8,8,scheduled,V7 Padel Antalya
34ncmluWnD7PCp_2026-02-26,THURSDAY RANKED 📈 900 - 1099,instance,2026-02-26 10:00:00,11:30:00,padel,True,8,2,signup,V7 Padel Antalya
3b0Exx8SVmjgmW,⚡ POWER DUO ⚡,program,2025-11-15 18:00:00,19:30:00,padel,True,8,1,signup,V7 Padel Antalya
4d3zxAWvXjDYeY,SATURDAY RANKED 📈 1300+,instance,2026-02-14 12:00:00,14:30:00,padel,True,8,1,signup,V7 Padel Antalya
4iqsSOVrUKOR1Q,2 Корзинка,instance,2025-12-09 14:00:00,16:30:00,padel,True,8,8,ended,V7 Padel Antalya
5buezBilw5U5Qc,V7 Rookie Series,program,2025-09-15 11:00:00,12:30:00,padel,True,8,1,signup,V7 Padel Antalya
5buezBilw5U5Qc_2025-09-15,V7 Rookie Series,instance,2025-09-15 16:30:00,18:00:00,padel,True,8,8,ended,V7 Padel Antalya
69NHLBYJVqMyp8,V7 MORNING BEGINNERS 🌞,instance,,,padel,True,8,8,signup,V7 Padel Antalya
6MYX6p5DU9NGOH,MIXED PAIR AMERICANO,program,2026-03-20 14:00:00,16:30:00,padel,True,8,3,signup,V7 Padel Antalya
6MYX6p5DU9NGOH_2026-03-20,MIXED PAIR AMERICANO,instance,2026-03-20 19:00:00,21:30:00,padel,True,8,8,ended,V7 Padel Antalya
6MYX6p5DU9NGOH_2026-03-27,MIXED PAIR AMERICANO,instance,2026-03-27 19:00:00,21:30:00,padel,True,8,8,ended,V7 Padel Antalya
6MYX6p5DU9NGOH_2026-04-03,MIXED PAIR AMERICANO,instance,2026-04-03 19:00:00,21:30:00,padel,True,8,8,ended,V7 Padel Antalya
6MYX6p5DU9NGOH_2026-04-10,MIXED PAIR AMERICANO,instance,2026-04-10 14:00:00,16:30:00,padel,True,8,8,ended,V7 Padel Antalya
6MYX6p5DU9NGOH_2026-04-17,MIXED PAIR AMERICANO,instance,2026-04-17 14:00:00,16:30:00,padel,True,8,2,signup,V7 Padel Antalya
6MYX6p5DU9NGOH_2026-04-24,MIXED PAIR AMERICANO,instance,2026-04-24 14:00:00,16:30:00,padel,True,8,3,signup,V7 Padel Antalya
6X9jsNSJSsQzTq,THURSDAY RANKED 📈 900 - 1099,instance,2025-12-04 10:00:00,11:30:00,padel,True,12,8,ended,V7 Padel Antalya
6j6QlU27lSFwJY,Morning Coffee ☕️,program,2025-09-19 09:00:00,10:30:00,padel,True,8,3,signup,V7 Padel Antalya
6j6QlU27lSFwJY_2025-09-19,Morning Coffee ☕️,instance,2025-09-19 09:00:00,10:30:00,padel,True,8,8,ended,V7 Padel Antalya
6j6QlU27lSFwJY_2025-10-03,Morning Coffee ☕️,instance,2025-10-03 10:00:00,11:30:00,padel,True,8,8,ended,V7 Padel Antalya
7MTdr1N2fl62xm,Friendly match,instance,2026-02-09 13:00:00,14:30:00,padel,True,4,4,started,
8lXLsaFHDEiQju,5 o’clock Padel&tea ,instance,2026-02-04 17:00:00,19:00:00,padel,True,16,16,ended,V7 Padel Antalya
9N4ZMEUFLNjPqs,👨‍👩‍👧‍👦 Family Team Americano,instance,2025-10-11 11:00:00,12:30:00,padel,True,8,8,ended,V7 Padel Antalya
9VEpmWblk3Jg8H,"Play Hard, Eat Burger",instance,2026-02-27 17:00:00,19:00:00,padel,True,8,2,signup,V7 Padel Antalya
AQYW3cFYGeK8v0,SUNDAY RANKED 📈 1100+,program,2026-04-12 10:00:00,12:30:00,padel,True,16,2,signup,V7 Padel Antalya
AQYW3cFYGeK8v0_2026-04-12,PREMIER RANKED 1100+ ,instance,2026-04-12 10:00:00,12:30:00,padel,True,16,16,ended,V7 Padel Antalya
AQYW3cFYGeK8v0_2026-04-19,SUNDAY RANKED 📈 1100+,instance,2026-04-19 10:00:00,12:30:00,padel,True,16,3,signup,V7 Padel Antalya
AVGiQlCw24kajk,EVENING AMERICANO 900–1100 🏆,program,2026-04-07 19:00:00,21:30:00,padel,True,8,3,signup,V7 Padel Antalya
AVGiQlCw24kajk_2026-04-07,EVENING AMERICANO 900–1100 🏆,instance,2026-04-07 19:00:00,21:30:00,padel,True,8,8,ended,V7 Padel Antalya
AVGiQlCw24kajk_2026-04-14,EVENING AMERICANO 900–1100 🏆,instance,2026-04-14 19:00:00,21:30:00,padel,True,8,7,signup,V7 Padel Antalya
AZkhAsytoL0Xjl,LADY’S RANKED,program,2025-12-24 12:00:00,14:00:00,padel,True,16,9,signup,V7 Padel Antalya
AZkhAsytoL0Xjl_2025-12-24,LADY’S RANKED,instance,2025-12-24 13:00:00,14:30:00,padel,True,8,1,signup,V7 Padel Antalya
AZkhAsytoL0Xjl_2025-12-31,LADY’S RANKED,instance,2025-12-31 13:00:00,14:30:00,padel,True,8,1,signup,V7 Padel Antalya
AZkhAsytoL0Xjl_2026-01-07,LADY’S RANKED,instance,2026-01-07 13:00:00,14:30:00,padel,True,8,8,ended,V7 Padel Antalya
AZkhAsytoL0Xjl_2026-01-14,LADY’S RANKED,instance,2026-01-14 12:00:00,13:30:00,padel,True,12,12,ended,V7 Padel Antalya
AZkhAsytoL0Xjl_2026-01-21,LADY’S RANKED,instance,2026-01-21 12:00:00,14:00:00,padel,True,16,16,ended,V7 Padel Antalya
AZkhAsytoL0Xjl_2026-01-28,LADY’S RANKED,instance,2026-01-28 12:00:00,14:00:00,padel,True,16,3,signup,V7 Padel Antalya
AyOZZ5RBKXAtwn,MORNING COFFEE,program,2026-03-20 10:00:00,12:00:00,padel,True,16,3,signup,V7 Padel Antalya
AyOZZ5RBKXAtwn_2026-03-20,FRIDAY MORNING COFFEE,instance,2026-03-20 10:00:00,12:00:00,padel,True,12,12,ended,V7 Padel Antalya
AyOZZ5RBKXAtwn_2026-03-27,MORNING COFFEE,instance,2026-03-27 10:00:00,12:00:00,padel,True,16,16,ended,V7 Padel Antalya
AyOZZ5RBKXAtwn_2026-04-03,MORNING COFFEE,instance,2026-04-03 10:00:00,12:00:00,padel,True,16,16,ended,V7 Padel Antalya
AyOZZ5RBKXAtwn_2026-04-17,MORNING COFFEE,instance,2026-04-17 10:00:00,12:00:00,padel,True,16,13,signup,V7 Padel Antalya
AyOZZ5RBKXAtwn_2026-04-24,MORNING COFFEE,instance,2026-04-24 10:00:00,12:00:00,padel,True,16,3,signup,V7 Padel Antalya
B3oSdNOZIkY7NH,SATURDAY RANKED 1300+,instance,2026-01-17 12:00:00,14:30:00,padel,True,8,8,ended,V7 Padel Antalya
B8wqBSTVdzIWsL,V7 MORNING BEGINNERS 🌞,instance,,,padel,True,8,2,signup,V7 Padel Antalya
BrLvbuTdS9NDFT,PAIR AMERICANO 🏆,program,2026-03-18 14:00:00,16:30:00,padel,True,8,2,signup,V7 Padel Antalya
BrLvbuTdS9NDFT_2026-03-25,PAIR AMERICANO 🏆,instance,2026-03-25 14:00:00,16:30:00,padel,True,8,8,ended,V7 Padel Antalya
BrLvbuTdS9NDFT_2026-04-08,PAIR AMERICANO 🏆,instance,2026-04-08 14:00:00,16:30:00,padel,True,8,8,ended,V7 Padel Antalya
BrLvbuTdS9NDFT_2026-04-15,PAIR AMERICANO 🏆,instance,2026-04-15 14:00:00,16:30:00,padel,True,8,8,signup,V7 Padel Antalya
BrLvbuTdS9NDFT_2026-04-22,PAIR AMERICANO 🏆,instance,2026-04-22 14:00:00,16:30:00,padel,True,8,3,signup,V7 Padel Antalya
BrLvbuTdS9NDFT_2026-04-29,PAIR AMERICANO 🏆,instance,2026-04-29 14:00:00,16:30:00,padel,True,8,3,signup,V7 Padel Antalya
CANu4tEOVCoXNK,PREMIER RANKED 1100+ 🔥,instance,2026-04-05 10:00:00,12:30:00,padel,True,16,16,ended,V7 Padel Antalya
CP88S258kCc3Bm,V7 MORNING BEGINNERS,instance,2026-02-17 10:00:00,11:30:00,padel,True,8,7,signup,V7 Padel Antalya
CcbqzsDlcCUDTV,☕️ Morning Coffee,instance,2025-10-10 10:00:00,11:30:00,padel,True,8,8,ended,V7 Padel Antalya
CdvyHheyrgHwtS,FRIDAY RANKED 📈 1100+,program,2025-10-17 18:00:00,20:00:00,padel,True,8,1,signup,V7 Padel Antalya
CdvyHheyrgHwtS_2025-10-17,FRIDAY 🏆 PREMIER PAIR 🏆,instance,2025-10-17 18:00:00,20:00:00,padel,True,16,16,ended,V7 Padel Antalya
CdvyHheyrgHwtS_2025-10-24,FRIDAY 🏆 PREMIER PAIR 🏆,instance,2025-10-24 18:00:00,20:00:00,padel,True,16,16,ended,V7 Padel Antalya
CdvyHheyrgHwtS_2025-11-14,FRIDAY RANKED 📈 1100 +,instance,2025-11-14 18:00:00,20:00:00,padel,True,8,8,ended,V7 Padel Antalya
Cl39qRJZEFHMUG,Friendly match :),instance,2026-01-17 16:30:00,18:30:00,padel,True,4,4,ended,
ClfrPJBYESzxdY,V7 PREMIER RANKED up to 1100 🎾,instance,2026-04-05 12:30:00,15:00:00,padel,True,16,16,ended,V7 Padel Antalya
Db3t6IIqkQyAuc,First Rally of the Year,instance,2026-01-03 12:00:00,14:00:00,padel,True,16,16,ended,V7 Padel Antalya
Ese75yjLzw7kwT,SUNRISE AMERICANO,instance,2026-04-08 08:00:00,09:30:00,padel,True,8,3,ended,V7 PADEL ANTALYA
Eyte7WxrzwHI5c,Saturday Vibe in V7 Padel,instance,2025-09-06 19:00:00,22:00:00,padel,True,16,16,ended,V7 Padel Antalya
F8njV5pn31N5co,SUNRISE AMERICANO,instance,2026-04-15 08:30:00,10:00:00,padel,True,8,6,signup,V7 PADEL ANTALYA
FDfMPOaPne0nLW,WEDNESDAY ☕️ Morning Coffee ☕️,instance,2025-11-26 11:00:00,13:00:00,padel,True,16,16,signup,V7 Padel Antalya
FQECKEzumqARMK,Yoga Team,instance,2026-04-07 12:30:00,14:00:00,padel,True,8,8,ended,V7 Padel Antalya
Fjr2N9O9XrD5Vt,SATURDAY RANKED 📈 TO 900,program,2025-12-27 10:00:00,12:00:00,padel,True,8,5,signup,V7 Padel Antalya
Fjr2N9O9XrD5Vt_2025-12-27,SATURDAY RANKED 📈 TO 900,instance,2025-12-27 10:00:00,12:00:00,padel,True,8,1,signup,V7 Padel Antalya
Fjr2N9O9XrD5Vt_2026-01-10,SATURDAY RANKED 📈 TO 900,instance,2026-01-10 10:00:00,12:00:00,padel,True,8,8,ended,V7 Padel Antalya
Fjr2N9O9XrD5Vt_2026-01-24,SATURDAY RANKED 📈 TO 900,instance,2026-01-24 10:00:00,12:00:00,padel,True,8,7,signup,V7 Padel Antalya
Fjr2N9O9XrD5Vt_2026-02-14,SATURDAY RANKED 📈 TO 900,instance,2026-02-14 10:00:00,12:00:00,padel,True,8,4,signup,V7 Padel Antalya
Fjr2N9O9XrD5Vt_2026-02-21,SATURDAY RANKED 📈 TO 900,instance,2026-02-21 10:00:00,12:00:00,padel,True,4,1,signup,V7 Padel Antalya
Fjr2N9O9XrD5Vt_2026-02-28,SATURDAY RANKED 📈 TO 900,instance,2026-02-28 10:00:00,12:00:00,padel,True,8,1,signup,V7 Padel Antalya
FnI9iIIH4OoRO3,MONDAY RANKED 📈 999,program,2025-12-29 12:00:00,13:30:00,padel,True,8,1,signup,V7 Padel Antalya
FnI9iIIH4OoRO3_2025-12-29,MONDAY RANKED 📈 999,instance,2025-12-29 12:00:00,13:30:00,padel,True,8,2,signup,V7 Padel Antalya
FnI9iIIH4OoRO3_2026-01-05,MONDAY RANKED 📈 999,instance,2026-01-05 12:00:00,13:30:00,padel,True,8,1,signup,V7 Padel Antalya
GbadURE9ZBavEe,PAIR AMERICANO 🏆,instance,,,padel,True,8,3,signup,V7 Padel Antalya
ICmdR13XZcTG4b,Level Up Americano,program,2025-09-15 18:00:00,20:00:00,padel,True,8,1,signup,
ICmdR13XZcTG4b_2025-09-15,Level Up Americano,instance,2025-09-15 18:00:00,20:00:00,padel,True,8,8,ended,V7 Padel Antalya
IQZB4qGeSK4kB1,SUNDAY RANKED 📈 to 1100,program,2026-01-04 12:30:00,15:00:00,padel,True,16,9,signup,V7 Padel Antalya
IQZB4qGeSK4kB1_2025-11-02,SUNDAY RANKED 📈 to 1100,instance,2025-11-02 12:00:00,14:00:00,padel,True,16,16,ended,V7 Padel Antalya
IQZB4qGeSK4kB1_2025-11-09,SUNDAY RANKED 📈 to 1100,instance,2025-11-09 12:30:00,14:30:00,padel,True,16,16,ended,V7 Padel Antalya
IQZB4qGeSK4kB1_2025-11-16,SUNDAY RANKED 📈 to 1100,instance,2025-11-16 12:30:00,14:30:00,padel,True,16,16,ended,V7 Padel Antalya
IQZB4qGeSK4kB1_2025-11-23,SUNDAY RANKED 📈 to 1100,instance,2025-11-23 12:30:00,14:30:00,padel,True,16,16,ended,V7 Padel Antalya
IQZB4qGeSK4kB1_2025-11-30,SUNDAY RANKED 📈 to 1100,instance,2025-11-30 12:30:00,14:30:00,padel,True,16,9,signup,V7 Padel Antalya
IQZB4qGeSK4kB1_2025-12-07,SUNDAY RANKED 📈 to 1100,instance,2025-12-07 12:30:00,14:30:00,padel,True,16,10,signup,V7 Padel Antalya
IQZB4qGeSK4kB1_2025-12-14,SUNDAY RANKED 📈 to 1100,instance,2025-12-14 12:30:00,14:30:00,padel,True,16,16,ended,V7 Padel Antalya
IQZB4qGeSK4kB1_2025-12-28,SUNDAY RANKED 📈 to 1100,instance,2025-12-19 12:00:00,14:00:00,padel,True,12,12,ended,V7 Padel Antalya
IQZB4qGeSK4kB1_2026-01-04,SUNDAY RANKED 📈 to 1100,instance,2026-01-04 12:30:00,14:30:00,padel,True,16,3,signup,V7 Padel Antalya
IQZB4qGeSK4kB1_2026-01-11,SUNDAY RANKED 📈 to 1100,instance,2026-01-11 12:30:00,14:30:00,padel,True,12,12,ended,V7 Padel Antalya
IQZB4qGeSK4kB1_2026-01-18,SUNDAY RANKED 📈 to 1100,instance,2026-01-18 12:30:00,14:30:00,padel,True,16,16,ended,V7 Padel Antalya
IQZB4qGeSK4kB1_2026-01-25,SUNDAY RANKED ★ to 1100,instance,2026-01-25 12:30:00,14:30:00,padel,True,16,5,signup,V7 Padel Antalya
IQZB4qGeSK4kB1_2026-02-08,SUNDAY RANKED 📈 to 1100,instance,2026-02-08 12:30:00,14:30:00,padel,True,4,4,started,V7 Padel Antalya
IQZB4qGeSK4kB1_2026-02-15,SUNDAY RANKED 📈 to 1100,instance,2026-02-15 12:30:00,14:30:00,padel,True,16,16,ended,V7 Padel Antalya
IQZB4qGeSK4kB1_2026-02-22,PREMIER RANKED to 1100 ⭐️,instance,2026-02-22 12:30:00,14:30:00,padel,True,16,16,ended,V7 Padel Antalya
IQZB4qGeSK4kB1_2026-03-01,SUNDAY RANKED 📈 to 1100,instance,2026-03-01 12:30:00,14:30:00,padel,True,16,16,ended,V7 Padel Antalya
IQZB4qGeSK4kB1_2026-03-08,SUNDAY RANKED 📈 to 1100,instance,2026-03-08 19:00:00,21:00:00,padel,True,8,8,ended,V7 Padel Antalya
IQZB4qGeSK4kB1_2026-03-15,SUNDAY RANKED 📈 to 1100,instance,2026-03-15 18:00:00,20:00:00,padel,True,16,16,ended,V7 Padel Antalya
IQZB4qGeSK4kB1_2026-03-22,SUNDAY RANKED 📈 to 1100,instance,2026-03-22 12:30:00,14:30:00,padel,True,12,12,ended,V7 Padel Antalya
IQZB4qGeSK4kB1_2026-03-29,SUNDAY RANKED 📈 to 1100,instance,2026-03-29 12:30:00,15:00:00,padel,True,12,10,signup,V7 Padel Antalya
IQZB4qGeSK4kB1_2026-04-12,PREMIER RANKED up to 1100 🎾🔥,instance,2026-04-12 12:30:00,15:00:00,padel,True,16,16,ended,V7 Padel Antalya
IQZB4qGeSK4kB1_2026-04-19,SUNDAY RANKED 📈 to 1100,instance,2026-04-19 12:30:00,15:00:00,padel,True,16,6,signup,V7 Padel Antalya
IQZB4qGeSK4kB1_2026-04-26,SUNDAY RANKED 📈 to 1100,instance,2026-04-26 12:30:00,15:00:00,padel,True,16,9,signup,V7 Padel Antalya
IQZB4qGeSK4kB1_2026-05-03,SUNDAY RANKED 📈 to 1100,instance,2026-05-03 12:30:00,15:00:00,padel,True,16,9,signup,V7 Padel Antalya
IQZB4qGeSK4kB1_2026-05-10,SUNDAY RANKED 📈 to 1100,instance,2026-05-10 12:30:00,15:00:00,padel,True,16,9,signup,V7 Padel Antalya
IQZB4qGeSK4kB1_2026-05-17,SUNDAY RANKED 📈 to 1100,instance,2026-05-17 12:30:00,15:00:00,padel,True,16,9,signup,V7 Padel Antalya
IQZB4qGeSK4kB1_2026-05-24,SUNDAY RANKED 📈 to 1100,instance,2026-05-24 12:30:00,15:00:00,padel,True,16,9,signup,V7 Padel Antalya
IQZB4qGeSK4kB1_2026-05-31,SUNDAY RANKED 📈 to 1100,instance,2026-05-31 12:30:00,15:00:00,padel,True,16,9,signup,V7 Padel Antalya
IQZB4qGeSK4kB1_2026-06-07,SUNDAY RANKED 📈 to 1100,instance,2026-06-07 12:30:00,15:00:00,padel,True,16,9,signup,V7 Padel Antalya
IQZB4qGeSK4kB1_2026-06-14,SUNDAY RANKED 📈 to 1100,instance,2026-06-14 12:30:00,15:00:00,padel,True,16,9,signup,V7 Padel Antalya
IQZB4qGeSK4kB1_2026-06-21,SUNDAY RANKED 📈 to 1100,instance,2026-06-21 12:30:00,15:00:00,padel,True,16,9,signup,V7 Padel Antalya
IQZB4qGeSK4kB1_2026-06-28,SUNDAY RANKED 📈 to 1100,instance,2026-06-28 12:30:00,15:00:00,padel,True,16,9,signup,V7 Padel Antalya
IQZB4qGeSK4kB1_2026-07-05,SUNDAY RANKED 📈 to 1100,instance,2026-07-05 12:30:00,15:00:00,padel,True,16,9,signup,V7 Padel Antalya
IQZB4qGeSK4kB1_2026-07-12,SUNDAY RANKED 📈 to 1100,instance,2026-07-12 12:30:00,15:00:00,padel,True,16,9,signup,V7 Padel Antalya
IQZB4qGeSK4kB1_2026-07-19,SUNDAY RANKED 📈 to 1100,instance,2026-07-19 12:30:00,15:00:00,padel,True,16,9,signup,V7 Padel Antalya
IRcPUfLYe2AqSx,V7 AMERICANO 1100+ ,program,2026-03-19 19:00:00,21:30:00,padel,True,8,3,signup,V7 Padel Antalya
IRcPUfLYe2AqSx_2026-03-19,V7 AMERICANO 1100+ ,instance,2026-03-19 19:00:00,21:30:00,padel,True,8,8,ended,V7 Padel Antalya
IRcPUfLYe2AqSx_2026-03-26,V7 AMERICANO 1100+ ,instance,2026-03-26 19:00:00,21:30:00,padel,True,8,8,ended,V7 Padel Antalya
IRcPUfLYe2AqSx_2026-04-02,V7 AMERICANO 1100+ ,instance,2026-04-02 19:00:00,21:30:00,padel,True,8,8,ended,V7 Padel Antalya
IRcPUfLYe2AqSx_2026-04-09,V7 AMERICANO 1100+ ,instance,2026-04-09 19:00:00,21:30:00,padel,True,8,8,ended,V7 Padel Antalya
IRcPUfLYe2AqSx_2026-04-16,V7 AMERICANO 1100+ ,instance,2026-04-16 19:00:00,21:30:00,padel,True,8,4,signup,V7 Padel Antalya
IRcPUfLYe2AqSx_2026-04-23,V7 AMERICANO 1100+ ,instance,2026-04-23 19:00:00,21:30:00,padel,True,8,3,signup,V7 Padel Antalya
IRcPUfLYe2AqSx_2026-04-30,V7 AMERICANO 1100+ ,instance,2026-04-30 19:00:00,21:30:00,padel,True,8,3,signup,V7 Padel Antalya
IptgMu8K0ae0ej,Level Up Americano,program,2025-09-17 08:00:00,10:00:00,padel,True,8,9,signup,V7 Padel Antalya
IptgMu8K0ae0ej_2025-09-17,Level Up Americano,instance,2025-09-17 08:00:00,10:00:00,padel,True,8,8,ended,V7 Padel Antalya
IptgMu8K0ae0ej_2025-09-24,Ladies’ Morning Coffee ☕️💃🏽,instance,2025-09-24 09:00:00,10:30:00,padel,True,8,8,ended,V7 Padel Antalya
J5vVrFxsMhwR7u,MORNING AMERICANO 900-1100,program,2026-03-19 10:00:00,12:30:00,padel,True,8,3,signup,V7 Padel Antalya
J5vVrFxsMhwR7u_2026-03-19,MORNING AMERICANO 900-1100,instance,2026-03-19 10:00:00,12:30:00,padel,True,8,8,ended,V7 Padel Antalya
J5vVrFxsMhwR7u_2026-03-26,MORNING AMERICANO 900-1100,instance,2026-03-26 10:00:00,12:30:00,padel,True,8,8,ended,V7 Padel Antalya
J5vVrFxsMhwR7u_2026-04-02,MORNING AMERICANO 900-1100,instance,2026-04-02 10:00:00,12:30:00,padel,True,8,8,ended,V7 Padel Antalya
J5vVrFxsMhwR7u_2026-04-09,MORNING AMERICANO 900-1100,instance,2026-04-09 10:00:00,12:30:00,padel,True,8,4,ended,V7 Padel Antalya
J5vVrFxsMhwR7u_2026-04-16,MORNING AMERICANO 1100-,instance,2026-04-16 10:00:00,12:30:00,padel,True,8,4,signup,V7 Padel Antalya
J5vVrFxsMhwR7u_2026-04-23,MORNING AMERICANO 900-1100,instance,2026-04-23 10:00:00,12:30:00,padel,True,8,1,signup,V7 Padel Antalya
J5vVrFxsMhwR7u_2026-04-30,MORNING AMERICANO 900-1100,instance,2026-04-30 10:00:00,12:30:00,padel,True,8,2,signup,V7 Padel Antalya
JcsraJtoIWRtse,V7 MORNING BEGINNERS 🌞,instance,,,padel,True,8,1,signup,V7 Padel Antalya
Jz5ccvgXtEWcUU,5 o’clock Padel&tea ☕️ ,instance,2026-02-09 17:00:00,19:00:00,padel,True,12,1,signup,V7 Padel Antalya
LW9dz53zqafn1n,⚡️ V7 Mixed Power,program,2025-10-29 19:00:00,21:00:00,padel,True,8,4,signup,V7 Padel Antalya
LW9dz53zqafn1n_2025-10-29,TOP COURT CHALLENGE 💪,instance,2025-10-29 19:00:00,21:00:00,padel,True,8,8,ended,V7 Padel Antalya
MBQJRQkocKh5l4,FRIDAY EVENING COFFEE ,instance,2026-03-13 18:00:00,20:00:00,padel,True,16,16,ended,
Mgnjd7HKN4v8Lx,LADY'S RANKED,program,2026-03-25 10:00:00,12:00:00,padel,True,16,1,signup,V7 Padel Antalya
Mgnjd7HKN4v8Lx_2026-03-25,LADY'S RANKED,instance,2026-03-25 10:00:00,12:00:00,padel,True,12,12,ended,V7 Padel Antalya
Mgnjd7HKN4v8Lx_2026-04-01,LADY'S RANKED,instance,2026-04-01 10:00:00,12:00:00,padel,True,12,12,ended,V7 Padel Antalya
Mgnjd7HKN4v8Lx_2026-04-08,LADY'S RANKED,instance,2026-04-08 10:00:00,12:00:00,padel,True,16,16,ended,V7 Padel Antalya
Mgnjd7HKN4v8Lx_2026-04-15,LADY'S RANKED,instance,2026-04-15 10:00:00,12:00:00,padel,True,16,16,signup,V7 Padel Antalya
Mgnjd7HKN4v8Lx_2026-04-22,LADY'S RANKED,instance,2026-04-22 10:00:00,12:00:00,padel,True,16,1,signup,V7 Padel Antalya
Mgnjd7HKN4v8Lx_2026-04-29,LADY'S RANKED,instance,2026-04-29 10:00:00,12:00:00,padel,True,16,1,signup,V7 Padel Antalya
N2y2WFy9Hqv8A2,V7 MORNING BEGINNERS,instance,2026-03-15 12:00:00,13:30:00,padel,True,8,8,ended,V7 Padel Antalya
N4Jf8N0SldLZeV,Padel & Tennis Battle,instance,2026-03-21 18:00:00,20:00:00,padel,True,12,17,signup,V7 Padel Antalya 
NNHbtxfKCAs7zB,Court LEGENDS: Play with Bohdan Levchuk 🏆,instance,2025-10-26 19:00:00,21:00:00,padel,True,12,8,ended,V7 Padel 
OCCZvOOJHfJM16,5 o’clock Padel&tea ☕️,program,2026-03-06 17:00:00,19:00:00,padel,True,8,1,signup,V7 Padel Antalya
OCCZvOOJHfJM16_2026-03-04,5 o’clock Padel&tea ☕️,instance,2026-03-04 17:00:00,19:00:00,padel,True,8,8,ended,V7 Padel Antalya
OKmfLezE1QZv2A,AMERICANO 1100-,program,2026-03-23 19:00:00,21:30:00,padel,True,8,2,signup,V7 Padel Antalya
OKmfLezE1QZv2A_2026-03-23,AMERICANO 1100-,instance,2026-03-23 19:00:00,21:30:00,padel,True,8,8,ended,V7 Padel Antalya
OKmfLezE1QZv2A_2026-03-30,AMERICANO 1100-,instance,2026-03-30 19:00:00,21:30:00,padel,True,8,8,ended,V7 Padel Antalya
OKmfLezE1QZv2A_2026-04-06,AMERICANO 1100-,instance,2026-04-06 19:00:00,21:30:00,padel,True,8,8,ended,V7 Padel Antalya
OKmfLezE1QZv2A_2026-04-20,AMERICANO 1100-,instance,2026-04-20 19:00:00,21:30:00,padel,True,8,2,signup,V7 Padel Antalya
OKmfLezE1QZv2A_2026-04-27,AMERICANO 1100-,instance,2026-04-27 19:00:00,21:30:00,padel,True,8,2,signup,V7 Padel Antalya
OPIybGtdKSsSwu,,instance,2025-10-12 15:30:00,17:30:00,padel,True,4,4,ended,V7
OSokFBqxN602It,V7 MORNING BEGINNERS 🌞,instance,2025-12-02 10:00:00,11:30:00,padel,True,8,8,ended,V7 Padel Antalya
POKMAodeiUOhRV,SUNDAY RANKED 📈1100+,instance,2026-01-11 10:00:00,12:00:00,padel,True,12,12,ended,V7 Padel Antalya
PwYlrlzQREOMBM,SUNDAY RANKED 📈 1100+,program,2026-01-04 10:00:00,12:30:00,padel,True,16,8,signup,V7 Padel Antalya
PwYlrlzQREOMBM_2026-01-04,SUNDAY RANKED 📈 1100+,instance,2026-01-04 10:00:00,12:00:00,padel,True,16,16,ended,V7 Padel Antalya
PwYlrlzQREOMBM_2026-01-18,SUNDAY RANKED 📈 1100+,instance,2026-01-18 10:00:00,12:00:00,padel,True,16,16,ended,V7 Padel Antalya
PwYlrlzQREOMBM_2026-01-25,SUNDAY RANKED ★ 1100+,instance,2026-01-25 10:00:00,12:00:00,padel,True,16,6,signup,V7 Padel Antalya
PwYlrlzQREOMBM_2026-02-08,SUNDAY RANKED 📈 1100+,instance,2026-02-08 10:00:00,12:00:00,padel,True,16,5,signup,V7 Padel Antalya
PwYlrlzQREOMBM_2026-02-15,SUNDAY RANKED 📈 1100+,instance,2026-02-15 10:00:00,12:00:00,padel,True,16,16,signup,V7 Padel Antalya
PwYlrlzQREOMBM_2026-02-22,PREMIER RANKED 1100+ ⭐️ ,instance,2026-02-22 10:00:00,12:00:00,padel,True,16,16,ended,V7 Padel Antalya
PwYlrlzQREOMBM_2026-03-22,SUNDAY RANKED 📈 1100+,instance,2026-03-22 10:00:00,12:00:00,padel,True,8,8,ended,V7 Padel Antalya
Q3M2bfR63weWVs,RANKED 1100+,instance,2026-01-21 15:30:00,17:30:00,padel,True,12,12,ended,V7 Padel Antalya
QJl9Gyzyp88vEL,SUNDAY RANKED 1100 +  ,instance,2026-03-01 10:00:00,12:00:00,padel,True,12,12,ended,V7 Padel Antalya
QN8o7lYkmuHzAG,SATURDAY RANKED 📈 1300+,instance,2026-02-28 12:00:00,14:30:00,padel,True,8,8,ended,V7 Padel Antalya
QXnSEsvYp2hxnw,5 o’clock Padel&tea ☕️,instance,2026-02-25 17:00:00,19:00:00,padel,True,8,2,signup,V7 Padel Antalya
QmqucOu9e3L6Z3,SATURDAY RANKED 📈 1300+,program,2026-03-21 10:00:00,12:30:00,padel,True,8,1,signup,V7 Padel Antalya
SssIfagLWVzFTz,LADY'S RANKED ,instance,2026-02-25 12:00:00,14:00:00,padel,True,8,8,ended,V7 Padel Antalya
TWbJR4J5H2JrVQ,V7 MORNING BEGINNERS,instance,,,padel,True,8,6,signup,V7 Padel Antalya
UhEIYdQPhqwhap,SUNDAY 📈 RANKED 📈 1100+,program,2025-10-19 10:00:00,12:00:00,padel,True,16,1,signup,V7 Padel Antalya
UhEIYdQPhqwhap_2025-10-19,SUNDAY 📈 RANKED 📈,instance,2025-10-19 10:00:00,12:00:00,padel,True,16,16,ended,V7 Padel Antalya
UhEIYdQPhqwhap_2025-10-26,SUNDAY 📈 RANKED 📈,instance,2025-10-26 10:00:00,12:00:00,padel,True,16,16,ended,V7 Padel Antalya
UhEIYdQPhqwhap_2025-11-02,SUNDAY 📈 RANKED 📈 1100+,instance,2025-11-02 10:00:00,12:00:00,padel,True,12,12,ended,V7 Padel Antalya
UhEIYdQPhqwhap_2025-11-09,SUNDAY 📈 RANKED 📈 1100+,instance,2025-11-09 10:00:00,12:00:00,padel,True,8,8,ended,V7 Padel Antalya
UhEIYdQPhqwhap_2025-11-16,SUNDAY RANKED 📈 1100+,instance,2025-11-16 10:00:00,12:00:00,padel,True,8,8,ended,V7 Padel Antalya
UhEIYdQPhqwhap_2025-11-23,SUNDAY 📈 RANKED 📈 1100+,instance,2025-11-23 10:00:00,12:00:00,padel,True,12,12,ended,V7 Padel Antalya
UhEIYdQPhqwhap_2025-11-30,SUNDAY 📈 RANKED 📈 1100+,instance,2025-11-30 10:00:00,12:00:00,padel,True,16,4,signup,V7 Padel Antalya
UhEIYdQPhqwhap_2025-12-14,SUNDAY 📈 RANKED 📈 1100+,instance,2025-12-14 10:00:00,12:00:00,padel,True,8,8,ended,V7 Padel Antalya
VkkCJDCfO4lGSv,Ladies Only 🌸,instance,2026-03-08 14:00:00,16:00:00,padel,True,12,12,ended,V7 Padel Antalya
WP7y4nIJcZaZ7G,"PLAY HARD, EAT BURGER",instance,2026-01-07 15:00:00,16:30:00,padel,True,8,1,signup,V7 Padel Antalya
WYTd0YcsNWoas0,SATURDAY RANKED 1300+,instance,2026-03-14 18:00:00,20:30:00,padel,True,8,8,ended,V7 Padel Antalya
X4Z7i7jfJ16k4w,BEGINNERS TOURNAMENT,instance,2025-12-18 12:00:00,13:30:00,padel,True,8,1,signup,V7 Padel Antalya
Xp2bsrNvXPBkPO,,instance,2026-04-25 10:00:00,21:00:00,padel,True,32,2,signup,V7 Padel Antalya
Ykmf1XVoMsYG89,Level Up Americano,program,2025-09-12 18:00:00,20:00:00,padel,True,8,1,signup,V7 Padel Antalya
Ykmf1XVoMsYG89_2025-09-12,Level Up Americano,instance,2025-09-12 18:00:00,20:00:00,padel,True,8,8,ended,V7 Padel Antalya
Ykmf1XVoMsYG89_2025-09-19,Level Up Americano,instance,2025-09-19 18:00:00,20:00:00,padel,True,8,8,ended,V7 Padel Antalya
ail4tQNi9WpSQS,🧘‍♀️Yoga&Padel🎾,instance,2025-12-03 09:00:00,12:00:00,padel,True,8,1,signup,V7 Padel Antalya
akklHRc69tNMD3,MEXICANO ALL LEVELS,program,2026-04-11 10:00:00,12:30:00,padel,True,16,12,signup,V7 Padel Antalya
akklHRc69tNMD3_2026-04-11,MEXICANO ALL LEVELS,instance,2026-04-11 10:00:00,12:00:00,padel,True,16,16,ended,V7 Padel Antalya
akklHRc69tNMD3_2026-04-18,MEXICANO ALL LEVELS,instance,2026-04-18 10:00:00,12:30:00,padel,True,16,6,signup,V7 Padel Antalya
bfPsxPvawoe4W8,THURSDAY RANKED 📈 900 - 1099,program,2025-11-13 10:00:00,11:30:00,padel,True,8,5,signup,V7 Padel Antalya
bfPsxPvawoe4W8_2025-11-20,THURSDAY RANKED 📈 900 - 1099,instance,2025-11-20 10:00:00,11:30:00,padel,True,8,8,ended,V7 Padel Antalya
bfPsxPvawoe4W8_2025-12-04,THURSDAY RANKED 📈 900 - 1099,instance,2025-11-27 10:00:00,11:30:00,padel,True,8,5,signup,V7 Padel Antalya
bfPsxPvawoe4W8_2025-12-11,THURSDAY RANKED 📈 900 - 1099,instance,2025-12-11 10:00:00,11:30:00,padel,True,8,8,ended,V7 Padel Antalya
bfPsxPvawoe4W8_2025-12-25,THURSDAY RANKED 📈 900 - 1099,instance,2025-12-18 10:00:00,11:30:00,padel,True,8,8,ended,V7 Padel Antalya
cOnmEGsADhes3q,V7 MORNING BEGINNERS 🌞,program,2025-10-28 10:00:00,11:30:00,padel,True,8,8,signup,V7 Padel Antalya
cOnmEGsADhes3q_2025-10-28,V7 MORNING BEGINNERS 🌞,instance,2025-10-28 10:00:00,11:30:00,padel,True,8,8,ended,V7 Padel Antalya
cOnmEGsADhes3q_2025-11-04,V7 MORNING BEGINNERS 🌞,instance,2025-11-04 10:00:00,11:30:00,padel,True,4,4,ended,V7 Padel Antalya
cOnmEGsADhes3q_2025-11-11,V7 MORNING BEGINNERS 🌞,instance,2025-11-11 10:00:00,11:30:00,padel,True,8,8,ended,V7 Padel Antalya
cOnmEGsADhes3q_2025-11-18,V7 MORNING BEGINNERS 🌞,instance,2025-11-18 10:00:00,11:30:00,padel,True,8,8,ended,V7 Padel Antalya
cOnmEGsADhes3q_2025-12-02,V7 MORNING BEGINNERS 🌞,instance,2025-12-02 10:00:00,11:30:00,padel,True,8,8,scheduled,V7 Padel Antalya
cOnmEGsADhes3q_2025-12-09,V7 MORNING BEGINNERS 🌞,instance,2025-12-09 10:00:00,11:30:00,padel,True,8,8,ended,V7 Padel Antalya
cOnmEGsADhes3q_2025-12-16,V7 MORNING BEGINNERS 🌞,instance,2025-12-16 10:00:00,11:30:00,padel,True,8,8,ended,V7 Padel Antalya
cOnmEGsADhes3q_2025-12-30,V7 MORNING BEGINNERS 🌞,instance,2025-12-30 10:00:00,11:30:00,padel,True,8,8,ended,V7 Padel Antalya
cOnmEGsADhes3q_2026-01-06,V7 MORNING BEGINNERS 🌞,instance,2026-01-06 10:00:00,11:30:00,padel,True,8,8,ended,V7 Padel Antalya
cOnmEGsADhes3q_2026-01-13,V7 MORNING BEGINNERS 🌞,instance,2026-01-13 10:00:00,11:30:00,padel,True,8,8,ended,V7 Padel Antalya
cOnmEGsADhes3q_2026-01-20,V7 MORNING BEGINNERS 🌞,instance,2026-01-20 10:00:00,11:30:00,padel,True,8,8,ended,V7 Padel Antalya
crnacWF0M7oOJb,SUNDAY RANKED 📈 to 1100,instance,,,padel,True,4,2,signup,V7 Padel Antalya
dcBUQKDd49TVe6,,program,2025-09-13 19:00:00,22:00:00,padel,True,16,8,signup,
dcBUQKDd49TVe6_2025-09-13,WinTheCourt,instance,2025-09-13 18:00:00,20:00:00,padel,True,8,8,ended,V7 Padel Antalya
dcBUQKDd49TVe6_2025-09-20,Winners court,instance,2025-09-20 18:00:00,21:00:00,padel,True,16,16,ended,V7 Padel Antalya
dcBUQKDd49TVe6_2025-09-27," Winners court - 10,000TL PRIZE POOL",instance,2025-09-27 18:00:00,21:00:00,padel,True,16,16,ended,V7 Padel Antalya
dcBUQKDd49TVe6_2025-10-04,Winners court,instance,2025-10-03 18:00:00,21:00:00,padel,True,16,16,ended,V7 Padel Antalya
dgG51xFQpCHR6s,EVENING COFFEE ,program,2026-03-18 19:00:00,21:00:00,padel,True,16,3,signup,V7 Padel Antalya
dgG51xFQpCHR6s_2026-03-18,EVENING COFFEE ,instance,2026-03-18 19:00:00,21:00:00,padel,True,16,16,ended,V7 Padel Antalya
dgG51xFQpCHR6s_2026-03-25,EVENING COFFEE ,instance,2026-03-25 19:00:00,21:00:00,padel,True,12,12,ended,V7 Padel Antalya
dgG51xFQpCHR6s_2026-04-01,EVENING COFFEE ,instance,2026-04-01 19:00:00,21:00:00,padel,True,12,12,ended,V7 Padel Antalya
dgG51xFQpCHR6s_2026-04-08,EVENING COFFEE ,instance,2026-04-08 19:00:00,21:00:00,padel,True,12,2,signup,V7 Padel Antalya
dgG51xFQpCHR6s_2026-04-15,EVENING COFFEE ,instance,2026-04-15 19:00:00,21:00:00,padel,True,12,2,signup,V7 Padel Antalya
dgG51xFQpCHR6s_2026-04-22,EVENING COFFEE ,instance,2026-04-22 19:00:00,21:00:00,padel,True,16,2,signup,V7 Padel Antalya
dgG51xFQpCHR6s_2026-04-29,EVENING COFFEE ,instance,2026-04-29 19:00:00,21:00:00,padel,True,16,3,signup,V7 Padel Antalya
dh13gZPqnKMvmM,👊 Level Up for Boys with Marcos Díaz,instance,2025-10-07 10:00:00,11:30:00,padel,True,8,8,ended,V7 Padel Antalya
dt3kHdnyZVyBn4,Galatasaray Taraftar Turnuvası,instance,2025-12-09 12:30:00,14:00:00,padel,True,8,8,ended,V7 Padel Antalya
eGfirUGtmuH8EI,YOGA&PADEL🧘,program,2025-12-10 10:00:00,12:00:00,padel,True,8,5,signup,V7 Padel Antalya
eGfirUGtmuH8EI_2025-12-17,YOGA&PADEL🧘,instance,2025-12-17 10:00:00,12:00:00,padel,True,8,8,ended,V7 Padel Antalya
eGfirUGtmuH8EI_2025-12-31,YOGA&PADEL🧘,instance,2025-12-31 10:00:00,12:00:00,padel,True,8,5,signup,V7 Padel Antalya
eMjnHlOpAvjBy9,FRIDAY MORNINF COFFEE,instance,2026-03-06 10:00:00,12:00:00,padel,True,4,4,ended,v7 padel Antalya
fpQ07vFQhffj9u,SUNDAY RANKED 📈 1100+,instance,2025-12-20 14:00:00,16:00:00,padel,True,16,16,ended,V7 Padel Antalya
fz1sbnXSbw5ejR,LADY’S RANKED,instance,2026-02-11 12:00:00,14:00:00,padel,True,8,4,signup,V7 Padel Antalya
gJn8p4b4dcEyc0,V7 MORNING BEGINNERS,instance,2026-02-24 10:00:00,11:30:00,padel,True,8,8,ended,V7 Padel Antalya
il3B2ZiiBMS9nE,V7 Rookie Series,program,2025-09-18 11:00:00,12:30:00,padel,True,8,1,signup,V7 Padel Antalya
jGWICXdxSEQflf,FRIDAY ☕️ MORNING COFFEE ☕️,program,2025-10-17 10:00:00,12:00:00,padel,True,16,16,signup,V7 Padel Antalya
jGWICXdxSEQflf_2025-10-17,FRIDAY ☕️ MORNING COFFEE ☕️,instance,2025-10-17 10:00:00,12:00:00,padel,True,16,16,ended,V7 Padel Antalya
jGWICXdxSEQflf_2025-10-24,FRIDAY ☕️ MORNING COFFEE ☕️,instance,2025-10-24 10:00:00,12:00:00,padel,True,8,8,ended,V7 Padel Antalya
jGWICXdxSEQflf_2025-10-31,FRIDAY ☕️ MORNING COFFEE ☕️,instance,2025-10-31 10:00:00,12:00:00,padel,True,16,16,ended,V7 Padel Antalya
jGWICXdxSEQflf_2025-11-07,FRIDAY ☕️ MORNING COFFEE ☕️,instance,2025-11-08 13:00:00,15:00:00,padel,True,12,12,ended,V7 Padel Antalya
jGWICXdxSEQflf_2025-11-14,FRIDAY ☕️ MORNING COFFEE ☕️,instance,2025-11-14 10:00:00,12:00:00,padel,True,16,16,ended,V7 Padel Antalya
jGWICXdxSEQflf_2025-11-21,FRIDAY ☕️ MORNING COFFEE ☕️,instance,2025-11-21 10:00:00,12:00:00,padel,True,16,16,ended,V7 Padel Antalya
jGWICXdxSEQflf_2025-11-28,FRIDAY ☕️ MORNING COFFEE ☕️,instance,2025-11-28 10:00:00,12:00:00,padel,True,8,8,ended,V7 Padel Antalya
jGWICXdxSEQflf_2025-12-05,FRIDAY ☕️ MORNING COFFEE ☕️,instance,2025-12-05 10:00:00,12:00:00,padel,True,16,15,signup,V7 Padel Antalya
jGWICXdxSEQflf_2025-12-12,FRIDAY ☕️ MORNING COFFEE ☕️,instance,2025-12-12 10:00:00,12:00:00,padel,True,16,16,ended,V7 Padel Antalya
jGWICXdxSEQflf_2025-12-26,FRIDAY ☕️ MORNING COFFEE ☕️,instance,2025-12-19 10:00:00,12:00:00,padel,True,16,16,ended,V7 Padel Antalya
kEmek4gLlXdQL9,,instance,2025-10-11 16:30:00,18:00:00,padel,True,4,4,ended,
kjUyWWzQKYRgJg,THURSDAY RANKED 📈 900 - 1099,instance,2025-12-25 10:00:00,11:30:00,padel,True,8,2,signup,V7 Padel Antalya
mCbGkiqOhcXUf9,PAIR MEXICANO ,program,2026-03-21 10:00:00,12:00:00,padel,True,16,3,signup,V7 PADEL ANTALYA
mCbGkiqOhcXUf9_2026-03-21,PAIR MEXICANO ,instance,2026-03-21 10:00:00,12:00:00,padel,True,12,12,ended,V7 PADEL ANTALYA
mCbGkiqOhcXUf9_2026-03-28,PAIR MEXICANO ,instance,2026-03-28 10:00:00,12:00:00,padel,True,12,12,ended,V7 PADEL ANTALYA
mCbGkiqOhcXUf9_2026-04-04,PAIR MEXICANO ,instance,2026-04-04 10:00:00,12:00:00,padel,True,16,16,ended,V7 PADEL ANTALYA
mCbGkiqOhcXUf9_2026-04-25,PAIR MEXICANO ,instance,2026-04-25 10:00:00,12:00:00,padel,True,16,3,signup,V7 PADEL ANTALYA
mIfL1fogB3GXsq,Final Rally of the Year,program,2025-12-30 12:00:00,14:00:00,padel,False,16,1,signup,V7 PADEL Antalya
mTvuKkwt7Qc8Da,MORNING COFFEE,instance,2026-04-10 10:00:00,12:00:00,padel,True,16,16,ended,V7 Padel Antalya
mw96Rm4cTKxTXp,🌱 Beginners Americano with Eda,instance,2025-10-22 12:00:00,13:30:00,padel,True,4,4,ended,V7 Padel Antalya
n3gbHEmtvj7GUx,LADY’S RANKED,instance,2026-02-04 12:00:00,14:00:00,padel,True,8,8,ended,V7 Padel Antalya
nhGjbTXl2cpJTs,🌱Beginners Americano with Eda,instance,2025-10-15 12:00:00,13:30:00,padel,True,8,8,ended,V7 Padel Antalya
p8VemTEkl8YNJ0,V7 Rookie Series,program,2025-09-13 10:00:00,11:30:00,padel,True,8,1,signup,V7 Padel Antalya
pQNIh1Esf0UbSn,MONDAY ☕️ Morning Coffee ☕️,program,2025-11-03 10:00:00,12:00:00,padel,True,16,8,signup,V7 Padel Antalya
pQNIh1Esf0UbSn_2025-11-03,MONDAY ☕️ Americano Morning Coffee ☕️,instance,2025-11-03 10:00:00,12:00:00,padel,True,16,16,ended,V7 Padel Antalya
pQNIh1Esf0UbSn_2025-11-10,MONDAY ☕️ Americano Morning Coffee ☕️,instance,2025-11-10 10:00:00,12:00:00,padel,True,12,12,ended,V7 Padel Antalya
pQNIh1Esf0UbSn_2025-11-17,MONDAY ☕️ Americano Morning Coffee ☕️,instance,2025-11-17 10:00:00,12:00:00,padel,True,16,16,ended,V7 Padel Antalya
pQNIh1Esf0UbSn_2025-12-01,MONDAY ☕️ Morning Coffee ☕️,instance,2025-12-01 10:00:00,12:00:00,padel,True,16,16,ended,V7 Padel Antalya
pQNIh1Esf0UbSn_2025-12-08,MONDAY ☕️ Morning Coffee ☕️,instance,2025-12-08 10:00:00,12:00:00,padel,True,16,16,ended,V7 Padel Antalya
pQNIh1Esf0UbSn_2025-12-15,MONDAY ☕️ Morning Coffee ☕️,instance,2025-12-15 10:00:00,12:00:00,padel,True,12,12,ended,V7 Padel Antalya
pQNIh1Esf0UbSn_2025-12-29,MONDAY ☕️ Morning Coffee ☕️,instance,2025-12-29 10:00:00,12:00:00,padel,True,12,12,ended,V7 Padel Antalya
pQNIh1Esf0UbSn_2026-01-05,MONDAY ☕️ Morning Coffee ☕️,instance,2026-01-05 10:00:00,12:00:00,padel,True,8,8,ended,V7 Padel Antalya
pQNIh1Esf0UbSn_2026-01-12,MONDAY ☕️ Morning Coffee ☕️,instance,2026-01-12 10:00:00,12:00:00,padel,True,16,16,ended,V7 Padel Antalya
pQNIh1Esf0UbSn_2026-01-19,MONDAY ☕️ Morning Coffee ☕️,instance,2026-01-19 10:00:00,12:00:00,padel,True,12,12,ended,V7 Padel Antalya
pQNIh1Esf0UbSn_2026-01-26,MONDAY ☕️ Morning Coffee ☕️,instance,2026-01-26 10:00:00,12:00:00,padel,True,16,3,signup,V7 Padel Antalya
pQNIh1Esf0UbSn_2026-02-02,MONDAY ☕️ Morning Coffee ☕️,instance,2026-02-02 10:00:00,12:00:00,padel,True,16,4,signup,V7 Padel Antalya
pQNIh1Esf0UbSn_2026-02-09,MONDAY ☕️ Morning Coffee ☕️,instance,2026-02-09 10:00:00,12:00:00,padel,True,16,4,signup,V7 Padel Antalya
pQNIh1Esf0UbSn_2026-02-16,MONDAY ☕️ Morning Coffee ☕️,instance,2026-02-16 10:00:00,12:00:00,padel,True,16,5,signup,V7 Padel Antalya
pQNIh1Esf0UbSn_2026-02-23,MONDAY ☕️ Morning Coffee ☕️,instance,2026-02-23 10:00:00,12:00:00,padel,True,16,16,ended,V7 Padel Antalya
pQNIh1Esf0UbSn_2026-03-02,MONDAY ☕️ Morning Coffee ☕️,instance,2026-03-02 10:00:00,12:00:00,padel,True,16,8,ended,V7 Padel Antalya
pQNIh1Esf0UbSn_2026-03-09,MONDAY ☕️ Evening Coffee ☕️,instance,2026-03-09 18:30:00,20:30:00,padel,True,16,16,ended,V7 Padel Antalya
pQNIh1Esf0UbSn_2026-03-16,MONDAY ☕️ Morning Coffee ☕️,instance,2026-03-16 10:00:00,12:00:00,padel,True,16,16,ended,V7 Padel Antalya
pQNIh1Esf0UbSn_2026-03-23,MONDAY ☕️ Morning Coffee ☕️,instance,2026-03-23 10:00:00,12:00:00,padel,True,12,12,ended,V7 Padel Antalya
pQNIh1Esf0UbSn_2026-03-30,MONDAY ☕️ Morning Coffee ☕️,instance,2026-03-30 10:00:00,12:00:00,padel,True,16,16,ended,V7 Padel Antalya
pQNIh1Esf0UbSn_2026-04-06,MONDAY ☕️ Morning Coffee ☕️,instance,2026-04-06 10:00:00,12:00:00,padel,True,12,12,ended,V7 Padel Antalya
pQNIh1Esf0UbSn_2026-04-13,MONDAY ☕️ Morning Coffee ☕️,instance,2026-04-13 10:00:00,12:00:00,padel,True,16,16,ended,V7 Padel Antalya
pQNIh1Esf0UbSn_2026-04-20,MONDAY ☕️ Morning Coffee ☕️,instance,2026-04-20 10:00:00,12:00:00,padel,True,16,1,signup,V7 Padel Antalya
pQNIh1Esf0UbSn_2026-04-27,MONDAY ☕️ Morning Coffee ☕️,instance,2026-04-27 10:00:00,12:00:00,padel,True,16,8,signup,V7 Padel Antalya
pgH9zLu4gj9vgi,V7 Final Tournament,instance,2025-11-24 19:00:00,21:00:00,padel,True,16,16,ended,V7 Padel Antalya
pxDeeKPM9Pfv3U,SUNDAY RANKED 📈 to 1100,instance,,,padel,True,4,4,scheduled,V7 Padel Antalya
q3l7flz1RJUKAM,RANKED TO 1100,instance,2026-01-21 17:30:00,19:30:00,padel,True,12,12,ended,V7 Padel Antalya
qBhtbpUUAsy0Kv,BEGINNERS TOURNAMENT,instance,2026-03-10 10:00:00,12:00:00,padel,True,8,1,signup,V7 PADEL ANTALYA
qtfq03eejtI9G9,FRIDAY ☕️ MORNING COFFEE☕️,program,2026-01-02 10:00:00,12:00:00,padel,True,16,8,signup,V7 Padel Antalya
qtfq03eejtI9G9_2026-01-02,FRIDAY ☕️ MORNING COFFEE☕️,instance,2026-01-02 10:00:00,12:00:00,padel,True,16,3,signup,V7 Padel Antalya
qtfq03eejtI9G9_2026-01-09,FRIDAY ☕️ MORNING COFFEE☕️,instance,2026-01-09 10:00:00,12:00:00,padel,True,16,16,ended,V7 Padel Antalya
qtfq03eejtI9G9_2026-01-16,FRIDAY ☕️ MORNING COFFEE☕️,instance,2026-01-16 10:00:00,12:00:00,padel,True,16,16,ended,V7 Padel Antalya
qtfq03eejtI9G9_2026-01-23,FRIDAY ☕️ MORNING COFFEE☕️,instance,2026-01-23 10:00:00,12:00:00,padel,True,16,9,signup,V7 Padel Antalya
qtfq03eejtI9G9_2026-02-13,FRIDAY ☕️ MORNING COFFEE☕️,instance,2026-02-13 10:00:00,12:00:00,padel,True,16,3,signup,V7 Padel Antalya
qtfq03eejtI9G9_2026-02-20,FRIDAY ☕️ MORNING COFFEE☕️,instance,2026-02-20 10:00:00,12:00:00,padel,True,16,16,ended,V7 Padel Antalya
qtfq03eejtI9G9_2026-02-27,FRIDAY ☕️ MORNING COFFEE☕️,instance,2026-02-27 10:00:00,12:00:00,padel,True,16,16,ended,V7 Padel Antalya
qu0x5GU7pPsH6H,🌙 RAMAZAN BAYRAMI PADEL CUP,instance,2026-03-22 18:00:00,20:00:00,padel,True,8,8,ended,V7 Padel Antalya
r97doYQAY9RnE1,Level Up Americano,program,2025-09-15 18:00:00,20:00:00,padel,True,8,2,signup,V7 Padel Antalya
rTBnRIYv96NddA,SUNDAY RANKED 📈 to 1100,instance,,,padel,True,4,4,scheduled,V7 Padel Antalya
rppRSMVOpjAmqQ,V7 MORNING BEGINNERS,instance,2026-02-03 10:00:00,11:30:00,padel,True,8,2,signup,V7 Padel Antalya
sUzxiGXAFV8Vx4,SATURDAY RANKED 1300+ 📈 ,instance,2026-03-07 12:00:00,14:30:00,padel,True,8,2,signup,V7 Padel Antalya
uLb6GbFdopEcQH,SATURDAY RANKED 📈 1050-1299,instance,2026-03-14 18:00:00,20:00:00,padel,True,8,8,ended,V7 Padel Antalya
uRH6CVRqoqnNw4,SUNDAY RANKED 📈 1100+,instance,2026-03-08 10:00:00,12:00:00,padel,True,12,1,signup,V7 Padel Antalya
uhDWPbx0yjmWAB,🧘‍♀️Yoga&Padel🎾,instance,,,padel,True,8,3,signup,V7 Padel Antalya
v45UuzI1rQtJCT,SATURDAY RANKED 📈 1300+,instance,2026-02-21 12:00:00,14:30:00,padel,True,4,1,signup,
wGfQyCbYB2ePvl,SATURDAY RANKED 📈TO 900 ,program,2025-11-15 10:00:00,12:00:00,padel,True,8,1,signup,V7 Padel Antalya
wGfQyCbYB2ePvl_2025-11-22,SATURDAY RANKED 📈TO 900 ,instance,2025-11-22 10:00:00,12:00:00,padel,True,8,8,ended,V7 Padel Antalya
wGfQyCbYB2ePvl_2025-11-29,SATURDAY RANKED 📈TO 900 ,instance,2025-11-29 10:00:00,12:00:00,padel,True,8,1,signup,V7 Padel Antalya
wGfQyCbYB2ePvl_2025-12-06,SATURDAY RANKED 📈TO 900 ,instance,2025-12-06 10:00:00,12:00:00,padel,True,8,2,signup,V7 Padel Antalya
wGfQyCbYB2ePvl_2025-12-13,SATURDAY RANKED 📈TO 900 ,instance,2025-12-13 10:00:00,12:00:00,padel,True,8,1,signup,V7 Padel Antalya
x8rvt8lfD4X4nO,LADY's EVENING,program,2026-04-06 19:00:00,21:00:00,padel,True,8,6,signup,V7 Padel Antalya
x8rvt8lfD4X4nO_2026-04-06,LADY's EVENING,instance,2026-04-06 19:00:00,21:00:00,padel,True,8,8,ended,V7 Padel Antalya
xCyJ24uCBj9b7r,V7 MORNING BEGINNERS,program,2026-03-03 10:00:00,11:30:00,padel,True,8,6,signup,V7 Padel Antalya
xCyJ24uCBj9b7r_2026-03-17,V7 MORNING BEGINNERS,instance,2026-03-17 10:00:00,11:30:00,padel,True,8,4,signup,V7 Padel Antalya
xCyJ24uCBj9b7r_2026-03-24,V7 MORNING BEGINNERS,instance,2026-03-24 10:00:00,11:30:00,padel,True,8,8,ended,V7 Padel Antalya
xCyJ24uCBj9b7r_2026-03-31,V7 MORNING BEGINNERS,instance,2026-03-31 10:00:00,11:30:00,padel,True,8,8,ended,V7 Padel Antalya
xCyJ24uCBj9b7r_2026-04-07,V7 MORNING BEGINNERS,instance,2026-04-07 10:00:00,11:30:00,padel,True,8,8,ended,V7 Padel Antalya
xCyJ24uCBj9b7r_2026-04-14,V7 MORNING BEGINNERS,instance,2026-04-14 10:00:00,11:30:00,padel,True,8,8,scheduled,V7 Padel Antalya
xCyJ24uCBj9b7r_2026-04-21,V7 MORNING BEGINNERS,instance,2026-04-21 10:00:00,11:30:00,padel,True,8,8,signup,V7 Padel Antalya
xCyJ24uCBj9b7r_2026-04-28,V7 MORNING BEGINNERS,instance,2026-04-28 10:00:00,11:30:00,padel,True,8,4,signup,V7 Padel Antalya
yvgbbHrLaTp1vB,THURSDAY RANKED to 900,instance,2026-03-05 19:00:00,20:30:00,padel,True,8,1,signup,V7 Padel Antalya
zMcdwvkEcB8NMn,Morning Coffee ☕️,program,2025-09-16 09:00:00,10:30:00,padel,True,8,1,signup,V7 Padel Antalya
zMcdwvkEcB8NMn_2025-09-16,Morning Coffee ☕️,instance,2025-09-16 09:00:00,10:30:00,padel,True,8,8,ended,V7 Padel Antalya
zYQqmygH5QdQUl,MONDAY RANKED 📈 to 999 ,instance,2025-12-15 12:00:00,13:30:00,padel,True,8,1,signup,V7 Padel Antalya
